1.937902926544451676e-01	3.255307000000002837e-01
2.146642882222916937e-01	9.130255450000035466e-02
2.514887281501417271e-01	7.915868000000001459e-01
2.566002694965652808e-01	4.269533640000009456e-01
2.663438725244951510e-01	5.816918908999997306e-01
3.219964323334375544e-01	1.087005449999978168e-02
3.849004042448479490e-01	2.045266359999988737e-01
3.875805853088903352e-01	1.656477000000000643e-01
4.293285764445833874e-01	4.841454500001063366e-03
4.360281584725015369e-01	6.546699999999994191e-02
4.844757316361129051e-01	9.931920000000005189e-02
5.029774563002834542e-01	1.478089000000002429e-01
5.132005389931306727e-01	8.742036400000152696e-02
5.326877450489903021e-01	2.954712909000001275e-01
5.366607205557292204e-01	5.058804549999962319e-02
5.658496383378190941e-01	1.902216666666669553e-01
5.813708779633354196e-01	9.767933333333278512e-02
5.903267926113020536e-01	1.851362727727270396e-01
5.992737131801140205e-01	2.747034242333334930e-01
6.287218203753542900e-01	1.473902999999996410e-01
6.415006737414131743e-01	4.697363599999881956e-02
6.439928646668751089e-01	7.243104550000012409e-02
6.439928646668751089e-01	9.930237883333248305e-02
6.439928646668752199e-01	1.978195454999998049e-01
6.658596813112379609e-01	6.141809090000016624e-02
7.056507411155545917e-01	2.237936367272723714e-01
7.267135974541691912e-01	1.092976666666665153e-01
7.302070499012934812e-01	2.279982144999994631e-01
7.302070499012935922e-01	3.743314645000008767e-01
7.302070499012937033e-01	3.743337145000005250e-01
7.513250087780208863e-01	3.766545450000080564e-02
7.544661844504252368e-01	9.453083333333278659e-02
7.698008084896955650e-01	2.433546973333324814e-01
7.698008084896956760e-01	8.782753066666693087e-02
7.698008084896958980e-01	1.174696359999991557e-01
7.751611706177803374e-01	3.082849999999992541e-02
7.751611706177806704e-01	6.239499999999997826e-02
7.751611706177806704e-01	1.701342500000002644e-01
7.990316175734856197e-01	1.165557424333334424e-01
8.519082248848427463e-01	2.826607145000004095e-01
8.569384245742147632e-01	2.720857150000011160e-02
8.569384245742147632e-01	2.721257150000067071e-02
8.981009432379785107e-01	4.086636400000109859e-02
9.430827305630317126e-01	4.468833333333321889e-02
9.659892970003124413e-01	2.678487883333247055e-02
9.659892970003127743e-01	1.150447121666662298e-01
9.689514632722256993e-01	1.713637999999995110e-01
9.689514632722256993e-01	2.670971999999998125e-01
9.736093998683913453e-01	8.233821450000000652e-02
9.736093998683913453e-01	2.772833950000119785e-02
9.736093998683915673e-01	8.233971449999977210e-02
9.987895219668566638e-01	1.092690908999998101e-01
1.005954912600566908e+00	1.783200000000206842e-03
1.005954912600567130e+00	3.438255000000003392e-01
1.005954912600567575e+00	5.563250000000019568e-02
1.065375490097980604e+00	6.467090910000017345e-02
1.065375490097980826e+00	3.075468408999999514e-01
1.065375490097980826e+00	9.017934089999979363e-02
1.065846609599448547e+00	1.062265454545454624e-01
1.073321441111458441e+00	4.456954500000165353e-03
1.073321441111458441e+00	1.185924544999998886e-01
1.142584566098953092e+00	3.368092849999992922e-02
1.142584566098953092e+00	3.367642849999974430e-02
1.154701212734543292e+00	5.936747511111306608e-02
1.154701212734543514e+00	1.077743640000008440e-01
1.162741755926670839e+00	7.556349999999989464e-02
1.195627987568210537e+00	8.998700000000003918e-02
1.217011749835489320e+00	4.317471450000098798e-02
1.217011749835489542e+00	9.991285499999946751e-03
1.257443640750709024e+00	2.427679999999998728e-01
1.257443640750709024e+00	4.468597999999994741e-01
1.283001347482826349e+00	6.978136400000067852e-02
1.283001347482826349e+00	2.656436400000217191e-02
1.287985729333750662e+00	6.551704999999685697e-04
1.331719362622475922e+00	1.287496909000003242e-01
1.331719362622475922e+00	2.770889091000001692e-01
1.383188004825780082e+00	8.414190909090901727e-02
1.428230707623691309e+00	3.181928500000097415e-03
1.453427194908338382e+00	5.897500000000022169e-02
1.464891298884723358e+00	2.908632727181816868e-01
1.502650017556041995e+00	9.175024021428690446e-02
1.508932368900850474e+00	1.357263333333333932e-01
1.539601616979391574e+00	8.920114000000367582e-03
1.550322341235560675e+00	2.160749999999822535e-03
1.598063235146971239e+00	3.150625756666691757e-02
1.609982161667188105e+00	8.585187883333311731e-02
1.609982161667188327e+00	1.205125450000110732e-02
1.653880646285317946e+00	1.720927500000000165e-01
1.653880646285318168e+00	5.941200000000002035e-02
1.653880646285318168e+00	5.943475000000031372e-02
1.667901751727674409e+00	8.077364000000031297e-03
1.703816449769685049e+00	8.546121450000043751e-02
1.703816449769685271e+00	6.917785499998885257e-03
1.744112633890006370e+00	4.491333333333180633e-03
1.770980377833906161e+00	7.291790913636297944e-02
1.793441981352315917e+00	1.182709999999986827e-02
1.796201886475957465e+00	9.653314285714298393e-02
1.825517624753233870e+00	1.586271450000076300e-02
1.878312521945052271e+00	3.670745499999128469e-03
1.886165461126063425e+00	6.285700000000016274e-02
1.924502021224238968e+00	4.778236399999968853e-02
1.924502021224239634e+00	7.949923600000019519e-02
1.929527420666204751e+00	4.097707142857220930e-02
1.931978594000625105e+00	9.006954500000219355e-03
1.937902926544451399e+00	6.890319999999983125e-02
1.997579043933713328e+00	1.437075756666672532e-02
1.999522990673167966e+00	1.445492850000018592e-02
1.999522990673167966e+00	2.875042849999953631e-02
2.011909825201135149e+00	4.194250000000021572e-02
2.034798072871673913e+00	6.428933333333386457e-02
2.092976810167344492e+00	2.604512116666590771e-02
2.116952223346663775e+00	1.132527269090903843e-01
2.130750980195961652e+00	3.746140910000006485e-02
2.131693219198896649e+00	9.162700000000079115e-03
2.142346061435537852e+00	2.930552849999923382e-02
2.146642882222916882e+00	3.750515449999980433e-02
2.180140792362507796e+00	3.226139999999944052e-02
2.205174195047090890e+00	1.064000000000042689e-02
2.205174195047090890e+00	1.066050000000018372e-02
2.205174195047090890e+00	1.698423750000008781e-01
2.245252358094946388e+00	9.679635999999547380e-03
2.263398553351275932e+00	9.102666666666259232e-03
2.309402425469087916e+00	3.050863599999864562e-02
2.325483511853341234e+00	6.610999999999922494e-03
2.361307170445208659e+00	2.074544999999261563e-04
2.391255975136420631e+00	1.762560000000013005e-02
2.397094852720456970e+00	2.985924233333214772e-03
2.414973242500782380e+00	1.866145499999305457e-03
2.501852627591510725e+00	1.221930266666504394e-02
2.514887281501418048e+00	8.036489999999929523e-02
2.575971458667500436e+00	1.175245449999984260e-02
2.575971458667500436e+00	1.747771216666649252e-02
2.575971458667501324e+00	1.747270450000115716e-02
2.640631645576488662e+00	5.250666666666070626e-03
2.663438725244951844e+00	1.070642090999998075e-01
2.756467743808863613e+00	2.938000000000062784e-02
2.756467743808863613e+00	1.147199999999948261e-02
2.766376009651559276e+00	4.529750000000021259e-02
2.796610661507198614e+00	3.858475756666646106e-02
2.822602964462217923e+00	1.035364000001592899e-03
2.829248191689095027e+00	4.275360000000016925e-02
2.856461415247383506e+00	1.712152850000059345e-02
2.886753031836359451e+00	2.711683600000114325e-02
2.897967891000937435e+00	2.391798994444460646e-02
2.906854389816676765e+00	2.158333333333350978e-02
2.920828199605173925e+00	2.510154783333540252e-02
2.920828199605174813e+00	1.649214500000439898e-03
2.929782597769447161e+00	2.816280909999990811e-02
2.989069968920526232e+00	1.354499999999925208e-03
2.996368565900570768e+00	2.267110910000003088e-02
3.005300035112083545e+00	2.577345499998884293e-03
3.017864737801702724e+00	9.617500000000944738e-04
3.079203233958782704e+00	2.078753066666649829e-02
3.079203233958783148e+00	1.548636400000091840e-02
3.079203233958783592e+00	3.287186400000052799e-02
3.196126470293942479e+00	7.933590900000009327e-03
3.197539828798345418e+00	5.807981818181806588e-02
3.287976965812578811e+00	4.377199999999992208e-02
3.427753698296859053e+00	4.168571500000162189e-03
3.427753698296859053e+00	4.671738166666550285e-03
3.434628611556667099e+00	1.383045499999013828e-03
3.464103638203629654e+00	1.047474711111018308e-02
3.488225267780011407e+00	1.982249999999741163e-03
3.488225267780012739e+00	1.419466666666657773e-02
3.488225267780012739e+00	5.317987500000009859e-02
3.488225267780012739e+00	9.514111111110779007e-03
3.541960755667812322e+00	1.674709095454574026e-02
3.586883962704631390e+00	1.269999999986559658e-05
3.586883962704631390e+00	8.380866666666653142e-02
3.586883962704631390e+00	4.655398333333338190e-02
3.592403772951914043e+00	2.253636400000047502e-02
3.633567987270846178e+00	1.325300000000018130e-02
3.633567987270846178e+00	6.208339999999967773e-02
3.651035249506467739e+00	1.354428550000008613e-02
3.651035249506468627e+00	9.986214500001366901e-03
3.772330922252126850e+00	1.907066666666690224e-02
3.859054841332409058e+00	8.019499999999624151e-03
3.859054841332409058e+00	2.294650000000064693e-02
3.863957188001251097e+00	1.971645450000103494e-02
3.863957188001251097e+00	7.678878833333513398e-03
3.863957188001251541e+00	9.918545499999709136e-03
3.875805853088902797e+00	8.002799999999865577e-03
3.894437599473565381e+00	1.648214500001188298e-03
3.995158087867426655e+00	1.384242433333238154e-03
4.105604311945045382e+00	3.696286400000126093e-02
4.134701615713295197e+00	9.552499999999852776e-03
4.149564014477340024e+00	1.379363636363617474e-02
4.184697956488736992e+00	1.038260000000001959e-02
4.233904446693327550e+00	9.554545818181381378e-03
4.259541124424213621e+00	5.324999978571298698e-02
4.284692122871073927e+00	7.102571499999932314e-03
4.284692122871075703e+00	3.012171500000881963e-03
4.293285764445833763e+00	1.021304550000046163e-02
4.293285764445834651e+00	1.296104549999910205e-02
4.293285764445835540e+00	7.627454999994398577e-04
4.293285764445835540e+00	5.140782624999840067e-03
4.362204581441609719e+00	5.437364000000499686e-03
4.381242299407760221e+00	6.560118833332850841e-03
4.381242299407761998e+00	5.693714500001334500e-03
4.394673896654169631e+00	7.400790908181775762e-02
4.505624304215849030e+00	4.081333333333603264e-03
4.507950052668125096e+00	1.444745499998845162e-03
4.507950052668126872e+00	7.232454500000429221e-03
4.526797106702551865e+00	2.234999999999764952e-03
4.526797106702551865e+00	5.052000000000056446e-03
4.526797106702552753e+00	5.739887500000051546e-02
4.526797106702553641e+00	1.269999999999971152e-02
4.570338264395812367e+00	4.173071500000347100e-03
4.570338264395812367e+00	2.136946500000291849e-03
4.618804850938173168e+00	3.056697333335023359e-03
4.618804850938174056e+00	4.738635999999019077e-03
4.618804850938174056e+00	1.863953066666823588e-02
4.650967023706682468e+00	5.077500000000068070e-03
4.715413652815159118e+00	5.156000000000382499e-03
4.715413652815159118e+00	6.203339999999979426e-02
4.794189705440913052e+00	2.264175756666686468e-02
4.794189705440913940e+00	2.615534089999993483e-02
4.794189705440913940e+00	1.007591666666662888e-02
4.794189705440913940e+00	2.115796590000007527e-02
4.868046999341957282e+00	9.985214500000338944e-03
4.993947609834282986e+00	1.434857576666637158e-02
4.993947609834284762e+00	7.379030910000006216e-02
4.998807476682919138e+00	5.649999928571070029e-03
5.029774563002836096e+00	1.761600000000029809e-03
5.111449349309055812e+00	1.903285499999185504e-03
5.132005389931304506e+00	3.142114000000972851e-03
5.132005389931305395e+00	3.194436400000100207e-02
5.132005389931305395e+00	9.816364000000188383e-03
5.132005389931306283e+00	4.262364000000573583e-03
5.141630547445289245e+00	4.419284999999106844e-04
5.141630547445289245e+00	3.900154833333502324e-03
5.151942917335000871e+00	4.976121166667013540e-03
5.326877450489903687e+00	7.895170910000048892e-02
5.380325944056946419e+00	2.465879999999986971e-02
5.380325944056947307e+00	4.176816666666693934e-03
5.388605659427868844e+00	2.654697333333899678e-03
5.388605659427870620e+00	1.360563599999942141e-02
5.619918486978909833e+00	1.073859999999982051e-02
5.712922830494765236e+00	7.106821499999860237e-03
5.795935782001874870e+00	3.489656611110447670e-03
5.847112929490796418e+00	1.860999999999890520e-03
5.978139937841052465e+00	1.238800000000095380e-03
5.978139937841053353e+00	1.193360000000009968e-02
5.998568972019503676e+00	1.324428499999363851e-03
6.035729475603405447e+00	5.744250000000228340e-03
6.104394218615021295e+00	7.983333333330122628e-04
6.104394218615022183e+00	2.902142857143186205e-03
6.158406467917565408e+00	1.455536400000134734e-02
6.192495036194511471e+00	6.135424233333353072e-03
6.201289364942245363e+00	8.022374999999914991e-03
6.392252940587884957e+00	7.946340899999793095e-03
6.395079657596689948e+00	6.054999999999921556e-03
6.415006737414132409e+00	3.852635999999520777e-03
6.439928646668750645e+00	3.555554500000113194e-03
6.439928646668750645e+00	1.177855450000109272e-02
6.439928646668753309e+00	8.772954999987092606e-04
6.571863449111640776e+00	1.734928549999814607e-02
6.615522585141271783e+00	6.528583333333948246e-03
6.615522585141272671e+00	3.702499999999275815e-03
6.782660242905580006e+00	2.907100000000006901e-02
6.815265799078740194e+00	1.590396450000142181e-02
6.928207276407259307e+00	1.974696933333319748e-02
6.976450535560022814e+00	7.273249999999897852e-03
7.173767925409262780e+00	1.215198750000001660e-02
7.293173116354109808e+00	5.584200000000372199e-03
7.302070499012935478e+00	2.238428549999937900e-02
7.698008084896957648e+00	2.473859999998495596e-04
7.698008084896958536e+00	1.717364000000998203e-03
7.698008084896958536e+00	7.333640000002361603e-04
7.712445821167933424e+00	1.511845166666248019e-03
7.723972303210359769e+00	1.115900910000000579e-02
7.771581919193368826e+00	4.034300000000046182e-03
7.788875198947132539e+00	2.236714500000402950e-03
7.921894936729466430e+00	3.350000000000186162e-03
7.921894936729467318e+00	2.152142857142891330e-02
7.993849571995863101e+00	9.183800000000186259e-03
7.998091962692670975e+00	1.567714278571408215e-02
7.998091962692671864e+00	8.224284999993614065e-04
8.047639300804537044e+00	4.219500000000486750e-03
8.049910808335937418e+00	2.833045499999187200e-03
8.264575096558232303e+00	3.444311642857300626e-03
8.269403231426590395e+00	1.922999999999674969e-03
8.269403231426590395e+00	3.301199999999226975e-03
8.299128028954678271e+00	2.158500000000174168e-03
8.369395912977473984e+00	3.766926428571415464e-02
8.389831984521595842e+00	1.231390910000040861e-02
8.389831984521599395e+00	4.797162338571414608e-02
8.429877730468362529e+00	4.293999999999797978e-03
8.523003920783846610e+00	1.425259089999997286e-02
8.693903673002814969e+00	1.006271216666654311e-02
8.720563169450031182e+00	6.452400000000135805e-03
8.720563169450031182e+00	6.705833333333188762e-03
8.720563169450031182e+00	2.996933333333329230e-02
8.789347793308341039e+00	3.755940900000087623e-03
8.802105485254964279e+00	2.987800000000007117e-02
8.820696780188363562e+00	3.681749999999262002e-03
8.854901889169532581e+00	2.498245499999995900e-03
8.967209906761578253e+00	1.994333333333342395e-02
8.967209906761578253e+00	2.417179999999907736e-03
8.981009432379785551e+00	7.660364000001251839e-03
9.015900105336251968e+00	9.774545499999121034e-03
9.015900105336253745e+00	5.886704999991110299e-04
9.053594213405107283e+00	4.499749999999913541e-03
9.140676528791624733e+00	6.704284999994314376e-04
9.249289298749721056e+00	2.317854999986934672e-04
9.322035538357331674e+00	3.587605195714260731e-02
9.445228681780832858e+00	9.549636318181953243e-03
9.588379410881827880e+00	2.359840900000076402e-03
9.622510106121199058e+00	7.714635999999330807e-03
9.647637103331023312e+00	6.153714285713540733e-03
9.659892970003125967e+00	5.376045500000259381e-03
9.736093998683914563e+00	2.286283950000012055e-02
9.863930897437736434e+00	1.280199999999998006e-02
9.879110375617765172e+00	3.486506857145243998e-03
9.923283877711908119e+00	1.000000000006551204e-04
9.923283877711908119e+00	6.903666666666197216e-03
1.002864764486753479e+01	3.217666666667007291e-03
1.017399036435836912e+01	1.012890000000021828e-02
1.022289869861810985e+01	2.232464500000475027e-03
1.022289869861811162e+01	1.517714500000266753e-03
1.037391003619334562e+01	1.256400000000024164e-02
1.039231091461089207e+01	2.650530666668871049e-03
1.046174489122184248e+01	3.004100000000065052e-03
1.058476111673331843e+01	9.213640000016454223e-04
1.076065188811389461e+01	1.331879999999996400e-02
1.077721131885574124e+01	1.162385999998960529e-03
1.077721131885574479e+01	3.172211428577043080e-04
1.085455337794005359e+01	1.975715000002153943e-04
1.093975967453116738e+01	7.912000000000141142e-03
1.098668474163542541e+01	3.013609099999925434e-03
1.102587097523545445e+01	1.902499999999918145e-03
1.114294182763059560e+01	2.829499999999818272e-03
1.126987513167031274e+01	2.177754499999906557e-03
1.129041185784887347e+01	3.123635999997986801e-03
1.131699276675637833e+01	2.714500000000619195e-03
1.131699276675637833e+01	2.966088888888940289e-02
1.131699276675638011e+01	5.099799999999987676e-03
1.142584566098953047e+01	5.461321500000337892e-03
1.154701212734543958e+01	7.452135999999498495e-03
1.157716452399722762e+01	2.227500000000048885e-03
1.158595845481553788e+01	1.163524243333347030e-02
1.159187156400375152e+01	9.215454999988992313e-04
1.159187156400375507e+01	3.466878833332742715e-03
1.162741755926670528e+01	2.217499999999983373e-03
1.162741755926670884e+01	7.381499999999707740e-03
1.165737287879005102e+01	1.127803333333332603e-02
1.168331279842069925e+01	1.193785499999933108e-03
1.168331279842069925e+01	1.121616666666636064e-02
1.180653585222604285e+01	8.164545000006739883e-04
1.186965542508476545e+01	2.927999999999819636e-03
1.195627987568210671e+01	5.640000000006750724e-05
1.198547426360228307e+01	1.534249089999972782e-02
1.198547426360228307e+01	3.663302021111070061e-02
1.198547426360228485e+01	2.046775756666630031e-02
1.199713794403900735e+01	4.164284999994549707e-04
1.199713794403900735e+01	6.679284999995260819e-04
1.217011749835489276e+01	2.250354999997483674e-04
1.218851280108685131e+01	3.431635999998405850e-03
1.279015931519337812e+01	1.256000000000589978e-03
1.301454168176983828e+01	1.740999999999992554e-03
1.314372689822328155e+01	2.534047833334440725e-03
1.315190786325031702e+01	1.471100000000058472e-03
1.320315822788244375e+01	1.126400000000415957e-03
1.332308261999310339e+01	1.943599999999712225e-03
1.345081486014236738e+01	5.200899999999952783e-03
1.347151414856967655e+01	2.385236399999968171e-02
1.352385015800437706e+01	2.585954500000653411e-03
1.352385015800437884e+01	1.321045499999229378e-03
1.356532048581116179e+01	8.807125000000137760e-03
1.371101479318743621e+01	7.571500000302933131e-06
1.371101479318743976e+01	4.811238166666953475e-03
1.378329540314262225e+01	4.784909099999623550e-03
1.385641455281452039e+01	1.296203066666912207e-02
1.385641455281452750e+01	1.255686400000044500e-02
1.395290107112005096e+01	1.664416666666612699e-03
1.398305330753599662e+01	4.562908999998782633e-04
1.411301482231109006e+01	1.338635999999837622e-03
1.428230707623691309e+01	2.020715000004003059e-04
1.434048165642894190e+01	5.152749999999706176e-03
1.434753585081852556e+01	1.160270000000007684e-02
1.434753585081852556e+01	3.970433333333467374e-03
1.434753585081852556e+01	2.745537499999839426e-03
1.446060186863314811e+01	7.547500000000262332e-03
1.448983945500468629e+01	2.688989944443775926e-03
1.448983945500468806e+01	2.354554500000105577e-03
1.448983945500469339e+01	1.597878333345903457e-04
1.460414099802587096e+01	2.297999999999689180e-03
1.482495738806505514e+01	3.090100000000095548e-03
1.488492581656786129e+01	7.289499999999726754e-03
1.508932368900850562e+01	1.568500000000305761e-03
1.508932368900851273e+01	9.692500000002546301e-04
1.511564282704672024e+01	1.720333333333101677e-03
1.531477267015847232e+01	9.898590899999781811e-03
1.534849660789385517e+01	1.985449999963861956e-05
1.540368459919618616e+01	6.401428571427558722e-04
1.542489164233586685e+01	1.488761833333462903e-03
1.543621936532963623e+01	1.849249999999358351e-03
1.550322341235561119e+01	6.421899999999425290e-03
1.550322341235561296e+01	1.358874999999759581e-03
1.557775039789426152e+01	5.561214500000133398e-03
1.598063235146971195e+01	4.513125000000117737e-03
1.598063235146971195e+01	1.411424233332958522e-03
1.603751684353532880e+01	3.807364000000035276e-03
1.614097783217084014e+01	3.582849999999915269e-03
1.616581697828360831e+01	3.079364000001305612e-03
1.616581697828361541e+01	3.084864000001630302e-03
1.631356219212533176e+01	9.476623385714422199e-03
1.642965862277910816e+01	1.729785500000247112e-03
1.653880646285318079e+01	8.182999999997164764e-04
1.659825605790936009e+01	6.120333333333505266e-03
1.673879182595494797e+01	1.777300000000092695e-03
1.674381448133875239e+01	3.680878833332457134e-03
1.713876849148430281e+01	5.175715000000913335e-04
1.728985006032224803e+01	6.882199999999727424e-03
1.729578361940922804e+01	1.596666666666468615e-03
1.732051819101814871e+01	4.691919555556367527e-03
1.732051819101815227e+01	3.190306666667197533e-04
1.732051819101815582e+01	2.499364000000170449e-03
1.738780734600562994e+01	5.787121666660510755e-04
1.752496919763104088e+01	8.467855000002799670e-04
1.757869558661667853e+01	1.015757566666497524e-03
1.760421097050992500e+01	4.355999999999582428e-03
1.764139356037672712e+01	1.098999999999961119e-03
1.803180021067250749e+01	2.324545000007560702e-04
1.810718842681020746e+01	1.545291666666503971e-03
1.825517624753233648e+01	1.982854999997840650e-04
1.825517624753234358e+01	1.537855000002252837e-04
1.828135305758324947e+01	8.005715000001245585e-04
1.831114123605904354e+01	1.160669090000032710e-02
1.834691926900441672e+01	4.010364000000876672e-03
1.851479485917266388e+01	2.976878833331753071e-03
1.860386809482672987e+01	1.654124999999950774e-03
1.861016588311048991e+01	3.526500000000432067e-03
1.864407107671466335e+01	2.189658999998123079e-04
1.889045736356166572e+01	3.451909045454115699e-03
1.913004780109136505e+01	3.750649999999966511e-03
1.917675882176365576e+01	5.523003783333257921e-03
1.923888770348584032e+01	3.738400000000474677e-03
1.928111455291983489e+01	1.504284999995775252e-04
1.947592441177173939e+01	2.859000000001721276e-04
1.953445022822854327e+01	5.460455000001473991e-04
1.961612079571106193e+01	4.458999999999768704e-03
1.970944656681264462e+01	7.378409100000205001e-03
1.971816227758979778e+01	6.650909090906154120e-04
1.972786179487547287e+01	2.040136363636357864e-02
2.001482102073208935e+01	1.594364000000680903e-03
2.008069387228557545e+01	6.947854999985736413e-04
2.011909825201134439e+01	2.630749999999792976e-03
2.011909825201134439e+01	5.164699999999911029e-03
2.028577523700656826e+01	2.287883333274010056e-05
2.032567578865958069e+01	1.060800000000083898e-03
2.034798072871674179e+01	3.161666666664508796e-04
2.037530624812388069e+01	4.064290900000155915e-03
2.052802155972522158e+01	4.426063600000063047e-02
2.056652218978115698e+01	1.198345166667280637e-03
2.065632169447350464e+01	2.812635999999812952e-03
2.077482205691061878e+01	2.624090899999931281e-03
2.078462182922178414e+01	2.966030666668117988e-03
2.092935160668007555e+01	1.108349999999980184e-02
2.094915485294736257e+01	9.509999999997020836e-04
2.103710024578458615e+01	3.304550000038375401e-05
2.130750980195961475e+01	1.175359090000016593e-02
2.130750980195961475e+01	1.533029090000015415e-02
2.136537976515257853e+01	8.716999999999863746e-03
2.142346061435537052e+01	3.654284999994317218e-04
2.152130377622778923e+01	8.779366666666676977e-03
2.152130377622778923e+01	1.098517499999984715e-02
2.152130377622778923e+01	3.679699999999952453e-03
2.155442263771148248e+01	1.244885999998501802e-03
2.180140792362507796e+01	9.097200000000249531e-03
2.200308954278489892e+01	6.907545000007786484e-04
2.205174195047091246e+01	1.673000000000257614e-03
2.213177324407874735e+01	5.534364000000735473e-03
2.244536898740015474e+01	2.070666666666554079e-03
2.251471737195655720e+01	5.877854999987164319e-04
2.258082371569774693e+01	3.873636727272256053e-03
2.270074847950734309e+01	7.813232777778011950e-04
2.285169132197906805e+01	8.953284999995148041e-04
2.315432904799445524e+01	6.975000000002395950e-04
2.315432904799445524e+01	1.078249999999947306e-03
2.354552055751508277e+01	7.203333333327677224e-04
2.356580667579090616e+01	1.428500000066890152e-06
2.377119062281119000e+01	7.799090999998092855e-04
2.391255975136420986e+01	3.133449999999982083e-03
2.391255975136420986e+01	4.394699999999973627e-03
2.391255975136420986e+01	8.390259999999871710e-03
2.391255975136420986e+01	9.692578124999018385e-04
2.404240028089666836e+01	3.293045499999536219e-03
2.404240028089667902e+01	1.186454500000877488e-03
2.414291790241362179e+01	3.785750000000032145e-03
2.414973242500782291e+01	1.026494549999945605e-02
2.424872546742541601e+01	2.893864000000689884e-03
2.434023499670978552e+01	1.731035499998867522e-03
2.470826231344175383e+01	7.141999999995540804e-04
2.475670988660536764e+01	1.471899999999859432e-03
2.479372528967469336e+01	4.128312142857026856e-04
2.482703969664398613e+01	8.150478333348587512e-04
2.510818773893241840e+01	1.323966666666676062e-03
2.510818773893242195e+01	4.134000000000082053e-04
2.514682641066340096e+01	6.026635999999641058e-03
2.527461717908924399e+01	7.691699999999634940e-03
2.555724674654528172e+01	1.945714071428739089e-03
2.556901176235153983e+01	2.633375000000048871e-03
2.558031863038675979e+01	4.524999999999668177e-04
2.558897808927693163e+01	3.828181818175124818e-04
2.559871637050829207e+01	2.337787833333493381e-03
2.616168950835009355e+01	1.585333333333771577e-03
2.630152762339794137e+01	5.288635999999513615e-03
2.640631645576488395e+01	9.003333333330587607e-04
2.642226809103829055e+01	1.339284999994916348e-04
2.646209034056508713e+01	1.755583333332921825e-03
2.646209034056509068e+01	5.550000000003052492e-04
2.656470566750860485e+01	5.867878333329912266e-04
2.676755918871176476e+01	1.924809100000146600e-03
2.701766084634786225e+01	1.550354999988456939e-04
2.710048902936738102e+01	2.060263635454528952e-02
2.713064097162231292e+01	4.739999999998634195e-04
2.713064097162232358e+01	3.061199999999875132e-03
2.713547849926176525e+01	7.336359999996489023e-04
2.716078264021531297e+01	6.528750000001082299e-04
2.726106319631496788e+01	7.278569285702474190e-04
2.746977398376760249e+01	8.544333333333486991e-03
2.747702889245333679e+01	1.749454500000524604e-03
2.756467743808863702e+01	9.302499999996882707e-04
2.772663227855313650e+01	1.625857142857789484e-03
2.785049879866199163e+01	1.587771499999668379e-03
2.796610661507199680e+01	2.958757566666747607e-03
2.829248191689095293e+01	7.389800000000334990e-03
2.856461415247382618e+01	1.459284999993926135e-04
2.869507170163705112e+01	2.548416666666497576e-03
2.873923018361530879e+01	4.113640000014129328e-04
2.873923018361531589e+01	1.826136000000033732e-03
2.876513823264548009e+01	8.425215900000004865e-03
2.886753031836359185e+01	4.077364000000471833e-03
2.897967891000937612e+01	1.030354499999219797e-03
2.920828199605173836e+01	6.798811666683945987e-04
2.920828199605174902e+01	5.412145000001089556e-04
2.931078176398483137e+01	7.135454545452724062e-04
2.935922933714843808e+01	1.415666666666481888e-03
2.936441194582559433e+01	1.459451947142831330e-02
2.963733112685329729e+01	3.055068571438113167e-04
2.969508669598593897e+01	8.066604999985571567e-04
2.976985163313572258e+01	7.408333333325245462e-04
2.989069968920526321e+01	6.290000000008788561e-05
2.996368565900570857e+01	8.585091000004041462e-04
3.055588047024222931e+01	7.873333333332510620e-04
3.059958213746540068e+01	1.315635999999287264e-03
3.066869609585432954e+01	1.303785499999321473e-03
3.091165750401000878e+01	2.207545499999241656e-03
3.091165750401001588e+01	3.730497499989660071e-04
3.155565036867688633e+01	3.272121666650917859e-04
3.170672170924594724e+01	3.634285000000403443e-04
3.175428335019994108e+01	1.692302666667089284e-03
3.199236785077068390e+01	4.271429285722661007e-04
3.206481283914308023e+01	4.560200000000236287e-03
3.212768502118060354e+01	4.437600000000152534e-03
3.212911019565692072e+01	5.192145000005865541e-04
3.228195566434168029e+01	1.200283333333329594e-02
3.236078051172615488e+01	3.119575766667104233e-03
3.284483449556036305e+01	7.408640000008404058e-04
3.285931724555820921e+01	7.871450000074275977e-05
3.285931724555821631e+01	2.415547833335196515e-03
3.307761292570636158e+01	1.032800000000388962e-03
3.319651211581872019e+01	1.899750000000199890e-03
3.323503519023734754e+01	2.479999999982496206e-05
3.358952429545950480e+01	1.375464500000589396e-03
3.391330121452789115e+01	1.942500000002844729e-04
3.391330121452789825e+01	8.479999999977394509e-05
3.395097830026914210e+01	2.800999999999831402e-03
3.395884374687313567e+01	3.277509100000131070e-03
3.402542971500425750e+01	1.006009100000149203e-03
3.407632899539369475e+01	1.717145000004194344e-04
3.427753698296859142e+01	1.219284999995906560e-04
3.427753698296859142e+01	4.859516666577690103e-05
3.464103638203631164e+01	6.494635999997555587e-03
3.488225267780012473e+01	5.111666666670622305e-04
3.504993839526209598e+01	4.228549999929498426e-05
3.515739117323336416e+01	2.228812500000065810e-03
3.520842194101984290e+01	4.700999999999844192e-03
3.520842194101986422e+01	9.796250000002615366e-04
3.528278712075345425e+01	8.927499999993315782e-04
3.564852721528259138e+01	1.709555555555297701e-03
3.586883962704631301e+01	1.061712500000089321e-03
3.586883962704632012e+01	7.493999999999001460e-04
3.586883962704632012e+01	7.800000000002249578e-05
3.595642279080684034e+01	2.278242433333410588e-03
3.599141383211701850e+01	1.331446500000055266e-03
3.606360042134500787e+01	8.921211666663708684e-04
3.619033715321763367e+01	1.501499999999822421e-03
3.633567987270846089e+01	1.323333333333565065e-03
3.651035249506467295e+01	1.299881166666239096e-03
3.695043880750539245e+01	1.652385999999950172e-03
3.695043880750539955e+01	1.130851999999737956e-03
3.721231454141965855e+01	7.799999999935636197e-05
3.728814215342932670e+01	1.004559100000079752e-03
3.728814215342932670e+01	2.794784100000002880e-03
3.756625043890105786e+01	1.078345499999855406e-03
3.767358258301219820e+01	2.081211666666860083e-04
3.770529068126545269e+01	1.129285000001090111e-04
3.772023961599508368e+01	5.383640000005129878e-04
3.775424393034719373e+01	1.479031312222200967e-02
3.797076659486727124e+01	2.397854999998116909e-04
3.803767013270895347e+01	1.728181818181795393e-03
3.810054231474648390e+01	1.780666666666874676e-03
3.837047794558014147e+01	3.548499999999954468e-03
3.863957188001250387e+01	1.609954500001009592e-03
3.863957188001251808e+01	1.498294999997540344e-04
3.875805853088901642e+01	5.014999999999325553e-04
3.941916753041387977e+01	4.282150000012308055e-05
3.943118069466985531e+01	1.205452166665565983e-03
3.969313551084763247e+01	1.556666666671091548e-04
3.996924785997930485e+01	5.999999999994898303e-05
3.996924785997930485e+01	3.246999999999555797e-03
3.999045981346337442e+01	7.329284999997298655e-04
4.016138774457114380e+01	5.874645000005784823e-04
4.028451071932989436e+01	5.360818172727377373e-03
4.035109668746100908e+01	1.167424233333491657e-03
4.113304437956231396e+01	1.260715000004353215e-04
4.121554333868000697e+01	6.082121666661777226e-04
4.134701615713295553e+01	3.954999999997710347e-04
4.134701615713295553e+01	2.217799999998604221e-03
4.184697956488736992e+01	4.811000000000120735e-04
4.185870321336015110e+01	1.114333333333217269e-03
4.263386438397792944e+01	3.265999999997326597e-04
4.284692122871074105e+01	3.927381666670726190e-04
4.284692122871074815e+01	7.292381666665903595e-04
4.310884527542295785e+01	2.683640000000764303e-04
4.313031687774930134e+01	1.117699999999999250e-03
4.320118800473620979e+01	1.212116928570594609e-03
4.320118800473621690e+01	2.656345500000156790e-03
4.346951836501406774e+01	1.586545500000369202e-03
4.381242299407760754e+01	2.455714500001704437e-03
4.381242299407761465e+01	5.394645000009745672e-04
4.381242299407761465e+01	7.074999999998610178e-04
4.395251301351423479e+01	4.785455000000382597e-04
4.401052742627481251e+01	2.100999999999686452e-03
4.401052742627482672e+01	1.955249999999963961e-03
4.403884400572265889e+01	4.310000000002922604e-04
4.427450944584767711e+01	3.340544999996808428e-04
4.454283980612552796e+01	3.189455000001117924e-04
4.456079807785916813e+01	3.557150000066400253e-05
4.476555760317683053e+01	2.473428571428737399e-03
4.483604953380788771e+01	7.792500000001201244e-04
4.490504716189892065e+01	6.932235999999036835e-03
4.503334729664719305e+01	1.286697333334529958e-03
4.526797106702551332e+01	1.248166666666605806e-03
4.548171777284624540e+01	8.750000000024016344e-05
4.567797413795091899e+01	2.202990899999868191e-03
4.592829935910350514e+01	1.872699999999838383e-03
4.603167752137610336e+01	7.484285714285388025e-04
4.618804850938174411e+01	1.088640000013185727e-04
4.618804850938175832e+01	3.403364000000408396e-03
4.627467492700760943e+01	1.181738166667223311e-03
4.636748625601501317e+01	3.857121666666074589e-04
4.650967023706682113e+01	1.442499999999569127e-04
4.661017769178666015e+01	1.847909099999878180e-03
4.661017769178666015e+01	1.731490899999688082e-03
4.696551998203896261e+01	2.266099999999937609e-03
4.709104111503017265e+01	1.680000000001680149e-04
4.713161335158181231e+01	7.342849999947276274e-05
4.715413652815158940e+01	3.786666666663052183e-04
4.722614340890418561e+01	1.449054500000102053e-03
4.722614340890418561e+01	4.107950000076243668e-05
4.794189705440913940e+01	1.172242433333359202e-03
4.819366529348537398e+01	5.257145000001628432e-04
4.829946485001563161e+01	5.065455000003993291e-04
4.829946485001563161e+01	1.498854500001201018e-03
4.842293349651252043e+01	2.283033333333239767e-03
4.883515374892017746e+01	4.798571428571207775e-03
4.926725174334052326e+01	2.280306666673226346e-04
4.931965448718868572e+01	2.911999999999359545e-04
4.958745057934937250e+01	1.975181772728262786e-03
4.961031491953796291e+01	1.343700000000058736e-03
4.961031491953796291e+01	3.733749999999869118e-03
4.973971819394947147e+01	3.371190899999820800e-03
4.979476817372806607e+01	8.344999999998492513e-04
4.993947609834283696e+01	2.037090900000038118e-03
5.021637547786483680e+01	5.081500000001515360e-04
5.021637547786484390e+01	6.056285714284292965e-04
5.029774563002837340e+01	2.867499999998912585e-04
5.099465326046397706e+01	2.270000000006433538e-04
5.141630547445289068e+01	1.176784999996627334e-04
5.141630547445289068e+01	2.048816666722075297e-05
5.141630547445290489e+01	2.470000000043270916e-05
5.164080423618376159e+01	1.980636000000757235e-03
5.164080423618377580e+01	1.273502857142005951e-04
5.186955018096674763e+01	1.005999999999396266e-03
5.186955018096674763e+01	5.320799999999792362e-03
5.196155457305447811e+01	7.578640000005520960e-04
5.232337901670018709e+01	6.362299999999709854e-03
5.253890517942172522e+01	8.983640000010950644e-04
5.260763145300126098e+01	1.749454545454387500e-03
5.273608675985004623e+01	4.917559099999913030e-03
5.292380558366658505e+01	3.072636000000628087e-03
5.295319746782713821e+01	9.560999999997932264e-04
5.324455592053729447e+01	4.442364000000864621e-03
5.326877450489904220e+01	6.138408999998290483e-04
5.366607205557291849e+01	4.174545000008578199e-04
5.367021816774509091e+01	1.325714500001851093e-03
5.380325944056946952e+01	1.161350000000060945e-03
5.432156528043061883e+01	1.069333333333588598e-03
5.452212639262993576e+01	5.350000214285444144e-03
5.476552874259700587e+01	4.117854999989845055e-04
5.493342370817711640e+01	6.065757666666726777e-04
5.493342370817713061e+01	6.336909000004276038e-04
5.493954796753520498e+01	1.621666666666854439e-04
5.506138992901780682e+01	5.393433888887244620e-04
5.512935487617727404e+01	5.724999999934254902e-05
5.523023340651685942e+01	1.943333333334074098e-04
5.532752019303119795e+01	1.797999999999966292e-03
5.542565821125808867e+01	6.276973333338986549e-04
5.559805064957355825e+01	5.309740714274369111e-04
5.581160428448020383e+01	5.291250000003522302e-04
5.623194197370080616e+01	3.791666666677073749e-04
5.645205928924435312e+01	6.988599999857569856e-05
5.645205928924436023e+01	9.305640000025761083e-04
5.646934519236670269e+01	7.077854999995025764e-04
5.655793602189817904e+01	1.086785000001810886e-04
5.667137209068501846e+01	2.364544999995388253e-04
5.679232940949000152e+01	4.811999999998484157e-04
5.715081347211972229e+01	9.640000000006310188e-04
5.744295459223508971e+01	4.712145000009826390e-04
5.753027646529096728e+01	1.623257566667035690e-03
5.755571691837021575e+01	9.169818181817834812e-03
5.773506063672718369e+01	9.616359999977674988e-04
5.773506063672719790e+01	1.734135999999608657e-03
5.788582261998614342e+01	1.081357142856731457e-03
5.809389620268276389e+01	3.016857142856821383e-03
5.859565195538893789e+01	3.723309100000182781e-03
5.903267926113022668e+01	7.694545000003216728e-04
5.927466225370658748e+01	5.909087272701896154e-04
5.960282857158359349e+01	9.269999999999001261e-04
6.035729475603405092e+01	4.652499999995285407e-04
6.052664503119151362e+01	1.025909099999999796e-03
6.104394218615022538e+01	1.196000000000196906e-03
6.111176094048444440e+01	5.958333333331289339e-04
6.119358391255676821e+01	3.744999999995002327e-04
6.152543455315839083e+01	1.083376714285932962e-04
6.174487746131855204e+01	1.011214285714601147e-03
6.201289364942244475e+01	3.880000000000549676e-05
6.277046934733105843e+01	1.884100000000055175e-03
6.278805482004020888e+01	2.577500000002785896e-04
6.278805482004023020e+01	4.932888888888875556e-03
6.278930430502033744e+01	7.547455000000979908e-04
6.312349778830536451e+01	4.155440899999973681e-03
6.337515949383573854e+01	2.369285714285851441e-03
6.375529360202062179e+01	2.377273181810579672e-04
6.392252940587884780e+01	6.535908999998341073e-04
6.398473570154136780e+01	1.009999928571758687e-03
6.415006737414132942e+01	3.921359999985440936e-04
6.427038184306610447e+01	5.011833332346782299e-06
6.438111440643628214e+01	6.598000000002102183e-04
6.438111440643629635e+01	2.809124999999745853e-03
6.439928646668749934e+01	9.997545000004492977e-04
6.456391132868336058e+01	7.635500000000572385e-04
6.456391132868336058e+01	1.269866666666619182e-03
6.472156102345233819e+01	1.184075766666570217e-03
6.575953931625157622e+01	1.455999999999679773e-04
6.581796912586897008e+01	6.219195555559053901e-04
6.615522585141272316e+01	5.349999999992860467e-05
6.615522585141272316e+01	5.062499999999303668e-04
6.645946979961043155e+01	3.984931428568927458e-04
6.711865587617279516e+01	6.590910000037197847e-05
6.725781294893627660e+01	7.824999999996862243e-04
6.741248939983823618e+01	3.867850000016659351e-05
6.761925079002189420e+01	2.321211666664879658e-04
6.774247114709321238e+01	8.619693333340450181e-04
6.790195660053828419e+01	6.089999999998596536e-04
6.818403136627075867e+01	1.668809099999890577e-03
6.818403136627077288e+01	7.512158999998241882e-04
6.845642088018274762e+01	3.629999999996691429e-04
6.871929496702622941e+01	7.950000000001011813e-05
6.936966974062288216e+01	6.452854999992041485e-04
6.946298714398336926e+01	1.650250000000852424e-03
7.009987679052417775e+01	2.349645000006006512e-04
7.009987679052417775e+01	1.377910499998691307e-03
7.056507411155543252e+01	2.364135999998850934e-03
7.063656167254525542e+01	1.288399999999967349e-03
7.083921511335626064e+01	1.922954999997728009e-04
7.129705443056518277e+01	1.485666666666496383e-03
7.141153538118456368e+01	1.588215000003501132e-04
7.167428752279040793e+01	7.933333333332015513e-04
7.189619857479915765e+01	6.489999999996776125e-04
7.191284558161369489e+01	7.360190899999841108e-03
7.242875370724084405e+01	4.303749999996497877e-04
7.277074843655400116e+01	1.159999999993388542e-04
7.277846316731830711e+01	3.634609100000130155e-03
7.293219192352361802e+01	1.547878333330032774e-04
7.325418835585706745e+01	3.245254499999461473e-03
7.442462908283930290e+01	1.574999999993664801e-04
7.442462908283931711e+01	1.014099999999906743e-03
7.469215226059212398e+01	2.695454545449393891e-04
7.472674922301315803e+01	3.351999999998689361e-04
7.505557882774533596e+01	2.204359999993243946e-04
7.513250087780208730e+01	2.214945499998677292e-03
7.528752869625193966e+01	5.123999999998574140e-04
7.532456321679725875e+01	6.550000000000721911e-04
7.532456321679727296e+01	1.429125000000031065e-03
7.550848786069438745e+01	3.610909000002493485e-04
7.590800366948110423e+01	7.972424333333449908e-04
7.607850972912463305e+01	8.274999999979826271e-05
7.621028004047988702e+01	2.747273090911050986e-03
7.631315446302468786e+01	3.366566111111524151e-04
7.667174023963580964e+01	5.151188333325507074e-04
7.667174023963583807e+01	5.026188333321357504e-04
7.670703528705462304e+01	1.443340899999867588e-03
7.698008084896957826e+01	3.996359999991483392e-04
7.712445821167935378e+01	1.819715000008770289e-04
7.718109682664818649e+01	2.102999999999966008e-04
7.910413013977506580e+01	7.062454536363560464e-03
7.921894936729465542e+01	7.434999999995639541e-04
7.938627102169526495e+01	2.349999999928797934e-05
8.047639300804537754e+01	1.208000000003650598e-04
8.049910808335938839e+01	1.840378333337611139e-04
8.070488916085419362e+01	3.941888888887579157e-04
8.070488916085420783e+01	2.256666666666795606e-04
8.070488916085422204e+01	6.787000000001430777e-04
8.082908489141803443e+01	4.706359999975262554e-04
8.139192291486693875e+01	1.082500000002539764e-04
8.140915033455043215e+01	1.790714999998499479e-04
8.148234792064593535e+01	2.416222222222152993e-03
8.148234792064596377e+01	1.062499999999744205e-03
8.214829311389551947e+01	4.197145000013335903e-04
8.226608875912462793e+01	6.432150000001968237e-05
8.226608875912462793e+01	1.040553499999319342e-03
8.264575096558228040e+01	3.644545909082808066e-04
8.269403231426589684e+01	3.119166666669670462e-04
8.389831984521599395e+01	1.613924233333285940e-03
8.467808893386654745e+01	1.846364000001265993e-03
8.500705813602750993e+01	4.799545000011562479e-04
8.523003920783845899e+01	7.062909000001837967e-04
8.548740111112705620e+01	2.676999999999818414e-04
8.600179360683654295e+01	3.549999999918895810e-05
8.629541469793643671e+01	1.033408999999707589e-04
8.629541469793643671e+01	2.114646555555488305e-04
8.717994156145802265e+01	1.526359999974857828e-04
8.739942198715476707e+01	5.152727272728085950e-04
8.756484196570289669e+01	1.669564000000178794e-03
8.783618851885702838e+01	1.832381666666549336e-04
8.883839321903757025e+01	1.627444444444847704e-03
8.930955489940717484e+01	1.905500000000337479e-03
8.945036361290847537e+01	5.814521666653860166e-04
8.953111520635366105e+01	1.331833333333420910e-03
8.981009432379784130e+01	1.608635999998497823e-03
8.981546713785908764e+01	7.876188333337807990e-04
8.997853458029256046e+01	2.327381666660244264e-04
9.096343554569249079e+01	8.125000000003268497e-05
9.122139580602892295e+01	3.758582222221917846e-04
9.166764141072665950e+01	1.326800000000183388e-03
9.200608828756301705e+01	5.464287857144256577e-04
9.258331231566117481e+01	9.758999999998074770e-04
9.325898303032040815e+01	2.640166666666665662e-03
9.326157833995172552e+01	2.212285714285666671e-03
9.327163323258572802e+01	2.453635909080986721e-04
9.330231814370259258e+01	2.149999999989660182e-05
9.346650238736559402e+01	1.543952166665363279e-03
9.374605407158783521e+01	4.893999999997511452e-04
9.408597296927791831e+01	1.331646455555723918e-03
9.622510106121195861e+01	1.143333333324392243e-04
9.624805299924095436e+01	1.769999999998717044e-04
9.640557276459919933e+01	1.352850000024830024e-05
9.659892970003126322e+01	6.808545000005494785e-04
9.659892970003127743e+01	3.627878333336553851e-04
9.684586699302504087e+01	8.034500000000388553e-04
9.689514632722257659e+01	1.173100000000371068e-03
9.708234153517848597e+01	1.964090999999612563e-04
9.770337088633004896e+01	5.028999999998617909e-04
9.879110375617763395e+01	3.836360000004646054e-04
9.881357670658771042e+01	6.637591000000497843e-04
9.923283877711907053e+01	7.500000000000284217e-04
9.923283877711908474e+01	3.249999999965780262e-05
9.923283877711909895e+01	1.402000000001457636e-04
1.004327509557296736e+02	1.425000000001563905e-04
1.004628868880325285e+02	4.470450000049197570e-05
1.011585327656203646e+02	1.604444444449626417e-04
1.016137067206398683e+02	1.377135999998557736e-03
1.017399036435836877e+02	3.633999999999026898e-04
1.017399036435836877e+02	4.104999999996472582e-04
1.031229139277581481e+02	5.944666666666265087e-04
1.034745944757663665e+02	1.667390899999787734e-03
1.043268440760337512e+02	6.911211666675853849e-04
1.046467580334003884e+02	9.172500000000916032e-04
1.051855012289229450e+02	1.670259285724284837e-04
1.052152629060025220e+02	2.145454545443570282e-05
1.054034262226284255e+02	2.179048333337263443e-04
1.056252658230595927e+02	7.450000000019940671e-05
1.061001852283087175e+02	1.146300000000266550e-03
1.061970803746359451e+02	2.199999999996649080e-05
1.069028155347012898e+02	1.652121666655403942e-04
1.073404363354901392e+02	5.654783333319812755e-05
1.073404363354901676e+02	6.017145000001278277e-04
1.079742414963510555e+02	4.500007142826945028e-05
1.091561226548309946e+02	9.549999999958203034e-05
1.095310574851940260e+02	4.002854999995975049e-04
1.096881183454995181e+02	1.040595166665880811e-03
1.114928170962576246e+02	2.527276363650798885e-04
1.118644264602879872e+02	2.073840900000067933e-03
1.124518856847992367e+02	5.349997857120314393e-04
1.129868448251958881e+02	4.102000000001382318e-04
1.134214163957139618e+02	5.798181818184033887e-04
1.154701212734543532e+02	1.783639999999309111e-04
1.154701212734543674e+02	1.063640000005250386e-04
1.161877924053654851e+02	7.475000000001230660e-04
1.171715427816846216e+02	8.766499999999233239e-04
1.199077435799379430e+02	2.233333333333309412e-03
1.200889261243925290e+02	5.361359999991321956e-04
1.201210865085473216e+02	1.657272736363513133e-03
1.201487398737302073e+02	3.564999999996487645e-04
1.207486621250390755e+02	8.717545000003212863e-04
1.209633264132613846e+02	6.954549999882431166e-05
1.210289504222557611e+02	3.379285714284918640e-03
1.215602275019708998e+02	5.363571428578239875e-04
1.216576722426310937e+02	1.681399999999833028e-03
1.225518687257415849e+02	2.841000000000093451e-04
1.230508691063167817e+02	3.770757666670121466e-04
1.233991331386869348e+02	2.754285000001743811e-04
1.236466300160399925e+02	3.508788333324019959e-04
1.240257872988448895e+02	4.930000000058498699e-05
1.240410484713988382e+02	5.449999999997956479e-04
1.247077309753306764e+02	5.514137777762329051e-04
1.257341320533170261e+02	3.370782857157195167e-04
1.257443640750708624e+02	3.313000000000343448e-04
1.259699484124095790e+02	4.409516666648016781e-05
1.264376596853382466e+02	1.971722222222194176e-03
1.272457850985775707e+02	5.616909000001335528e-04
1.275105872040412862e+02	4.212116666657550468e-05
1.277869342092894698e+02	4.779693333318846271e-04
1.279001033127312894e+02	2.162499999993627853e-04
1.281779886524133190e+02	2.953766242857369662e-03
1.288438483337245373e+02	3.073091000000971462e-04
1.301052775077783679e+02	6.699999999959516117e-05
1.304636595823644427e+02	2.800354999994425498e-04
1.312771160943740085e+02	5.630000000005352945e-04
1.319685173844290773e+02	3.878572142861358429e-04
1.320315822788244304e+02	2.145999999999759211e-03
1.320315822788244304e+02	9.610999999996039378e-04
1.331719362622475842e+02	1.899090899999844595e-03
1.338712924819038221e+02	4.144104999994624450e-04
1.339103346076395553e+02	8.859999999999423892e-05
1.339103346076395553e+02	3.090624999999569411e-04
1.345081486014236702e+02	2.556360000000035271e-03
1.356532048581116214e+02	6.218750000002160050e-04
1.358039132010765684e+02	1.189999999997581881e-04
1.362044908770441225e+02	2.155454999996919696e-04
1.364283660287294140e+02	4.546181818181782575e-03
1.376534748225445810e+02	5.212166666268558401e-06
1.376900786622025805e+02	3.729999999997346549e-04
1.378158230262776840e+02	4.420000000004975504e-04
1.380091324313445114e+02	8.250002142862200571e-04
1.380950325641283030e+02	9.906571428572874538e-04
1.390315014577864758e+02	2.046313122221921077e-03
1.391024587680450395e+02	4.333333333317312963e-05
1.398305330753599662e+02	3.929909100000017474e-03
1.398305330753599662e+02	2.013890900000259165e-03
1.401588291623274642e+02	1.030599999999992633e-03
1.401997535810483271e+02	1.821450000072388775e-05
1.412246757719268828e+02	1.974000000002362754e-04
1.416784302267124929e+02	7.181813636414347002e-05
1.423903747307522281e+02	4.371450000029142302e-05
1.425786375175090939e+02	9.678000000001851788e-04
1.438256911632274182e+02	2.520340999998538223e-04
1.438892922959255429e+02	5.775454545458025279e-04
1.443376515918179734e+02	1.736399999963111895e-05
1.445942518613145751e+02	4.672074285689831186e-04
1.458232702071611016e+02	2.372590899999860170e-03
1.459564421434233736e+02	5.855408999999589525e-04
1.463936475314284280e+02	5.862849999971331272e-05
1.478017552300215414e+02	4.014137777765824922e-04
1.479589634615660430e+02	8.220666666667320044e-04
1.482495738806505301e+02	2.844000000004065498e-04
1.499936865145405420e+02	4.126500000003474611e-04
1.502650017556041746e+02	6.250545000003882024e-04
1.511236589084933257e+02	4.850000454545977391e-04
1.524205600809597456e+02	1.464693333321775981e-04
1.530403824087309204e+02	5.522499999999208598e-04
1.533434804792716761e+02	1.040714500000206044e-03
1.556086505429002216e+02	3.332999999999586294e-03
1.564366000419951206e+02	3.425450000094087954e-05
1.571053778386060458e+02	4.786965000000975579e-04
1.571186613971052282e+02	1.535000000014719035e-04
1.577247227786793928e+02	4.047833334297479269e-06
1.577247227786794213e+02	1.804783333447801397e-05
1.577782518433844245e+02	2.497955000002605175e-04
1.587142496839905732e+02	5.407142857141167269e-04
1.587725420433905299e+02	4.950000000025767122e-05
1.587725420433905583e+02	3.349999999997521627e-04
1.593882340050515438e+02	2.366767222223842282e-04
1.599248947256073166e+02	4.329454999982829122e-04
1.609527860160907551e+02	5.260000000006925802e-05
1.614097783217084441e+02	1.424999999999343459e-04
1.619613622445265833e+02	2.285713571428260593e-04
1.628128709955706199e+02	6.233640000008477955e-04
1.642965862277910389e+02	6.407145000011382763e-04
1.645321775182492559e+02	1.365951666665310427e-04
1.645449228146724181e+02	1.563599999876430502e-05
1.648002711245313776e+02	2.913020211110950441e-03
1.662769746337742731e+02	5.883333333400742049e-05
1.671029927919719569e+02	3.737150000038269582e-05
1.693561778677330949e+02	4.372723636354436394e-04
1.704600784156769180e+02	6.920908999998864886e-04
1.719589771978924091e+02	1.371427857144169593e-04
1.721704302098223138e+02	5.174999999990603783e-05
1.721704302098223138e+02	5.867968749986851584e-05
1.736574678599583876e+02	1.023333333343146023e-04
1.736574678599583876e+02	7.475000000045639581e-05
1.757573141725269181e+02	2.051666666667006922e-04
1.760421097050992500e+02	1.608749999997272084e-04
1.770480646176998505e+02	2.965272727272427744e-03
1.780640270803909857e+02	3.259735714422618003e-05
1.796201886475956826e+02	1.313364000001371323e-03
1.806465897255819755e+02	2.436359999986592584e-04
1.818892226345899985e+02	3.662000000002052502e-04
1.825517624753233861e+02	5.547145000015518690e-04
1.832724106394158241e+02	8.840000000001069225e-04
1.840121765751259488e+02	1.182145000004908297e-04
1.840121765751260057e+02	1.318811666664032600e-04
1.840121765751260341e+02	3.999978571478379763e-05
1.850986997080304093e+02	1.210118333334619933e-04
1.860615727070982928e+02	9.290000000028442173e-05
1.864407107671466406e+02	6.247158999999058437e-04
1.867303806514803171e+02	7.409090909087368004e-04
1.869974463956219495e+02	1.771964000001347017e-03
1.875060862572445899e+02	1.321909099999629689e-03
1.886011980799754326e+02	2.763599999866528378e-05
1.905257001011996465e+02	7.769693333319338535e-04
1.911672007749411364e+02	2.256359999996959687e-04
1.923888770348584671e+02	1.214000000002712909e-04
1.926332058033411272e+02	4.048090999999587325e-04
1.940980971022258643e+02	6.251091000000208453e-04
1.946522755882097044e+02	9.230000000002291927e-04
1.977603253494376645e+02	1.797272636361313403e-04
2.008655019114593472e+02	6.546499999999788599e-04
2.014450092142957658e+02	5.289090909088578485e-04
2.026003791699514522e+02	1.766666666558336374e-05
2.028577523700656400e+02	2.857454999993791489e-04
2.034273194930941031e+02	5.549999999931998218e-05
2.037530624812388282e+02	1.021890900000155256e-03
2.040611781651307410e+02	6.026666666665292382e-04
2.044487587504396515e+02	5.035500000003523269e-04
2.059692683549661467e+02	6.499999999931560524e-05
2.061501573339592710e+02	7.858591000000636484e-04
2.071133752744382264e+02	6.258000000003427488e-04
2.083889614319501220e+02	3.193571428576902349e-04
2.092348978244368141e+02	8.439999999998448743e-05
2.098327118182209290e+02	1.659999999998884590e-04
2.116967227245206971e+02	2.418333333329414359e-04
2.128499235474009481e+02	3.032074285691521709e-04
2.142346061435537763e+02	1.612849999954590885e-05
2.152130377622778781e+02	1.803999999998584514e-04
2.152130377622778781e+02	1.320375000000151289e-04
2.159484829927021110e+02	1.357143571434349383e-04
2.159484829927021394e+02	1.992849999954415807e-05
2.180885055705197431e+02	1.092857357143373065e-03
2.181356315975615701e+02	1.888233757142643299e-03
2.208895525807381830e+02	3.318788333324107498e-04
2.231435276070721727e+02	2.323227777800696003e-05
2.231435276070721727e+02	8.727268181907277267e-05
2.285756501859180503e+02	3.229999999998511839e-04
2.294224580375743301e+02	3.123454999993668935e-04
2.295605736130964090e+02	9.660000000000223963e-05
2.300152207189074431e+02	1.573811666677471521e-04
2.335547455858533965e+02	4.995449999967149779e-05
2.406201324981023504e+02	7.442000000001947058e-05
2.406201324981023788e+02	5.678142857143964051e-04
2.421146674825626235e+02	2.332499999999626539e-04
2.422378658180564059e+02	1.215049999999884278e-03
2.424872546742541886e+02	1.276635999998276816e-03
2.431204550039417427e+02	5.566666666556585596e-05
2.431204550039417427e+02	1.274166666656029179e-04
2.447172885734125316e+02	3.467545000006566625e-04
2.448048304545910696e+02	1.066666666666993279e-04
2.465982724359433860e+02	8.780200000000348837e-04
2.480820969427977332e+02	2.060000000003725518e-05
2.480928074204037159e+02	2.963000000000270973e-04
2.492627639267800816e+02	1.158571428572230388e-04
2.518012100847481918e+02	4.479549999913956526e-05
2.545988580655843521e+02	1.892145000006451028e-04
2.559389428061654712e+02	3.078570714283301868e-04
2.575971458667499974e+02	1.059545000003936366e-04
2.581281921401073305e+02	9.428549999945801119e-05
2.582556453147334423e+02	1.130166666667431485e-04
2.610317744783067155e+02	7.379549999875223421e-05
2.614225329120724268e+02	4.815454545452624302e-04
2.628745379644656168e+02	2.623811666655484487e-04
2.630381572650063049e+02	2.794000000005958384e-05
2.630381572650063049e+02	1.496000000000829999e-04
2.640416773119656568e+02	1.253026666656609223e-04
2.648176307420992543e+02	1.118888888891333977e-04
2.653206081983995546e+02	2.670000000000172236e-04
2.658802815218987803e+02	7.999999999785956106e-06
2.667359801416794767e+02	1.225248888889751697e-04
2.687785782104640475e+02	1.332200000000227647e-03
2.690162972028473405e+02	2.853999999998801940e-04
2.690162972028473973e+02	1.112000000000890054e-04
2.699356037408776388e+02	8.059516666669708229e-05
2.707250388382598771e+02	5.315999999999654335e-04
2.742415380244541439e+02	1.774835999999169189e-03
2.761900651282566059e+02	3.251818181819743359e-04
2.768644554892127303e+02	9.579091000002648570e-04
2.787415782566458233e+02	1.652597857138005111e-04
2.791810932122629652e+02	2.403640000014917177e-04
2.797847350198551339e+02	6.100000000004435208e-04
2.804600977682933944e+02	1.893868677778076659e-03
2.809927855133424259e+02	2.550090999999810037e-04
2.846550137605542545e+02	3.407091000000583847e-04
2.920828199605173836e+02	2.404783333354032493e-05
2.925016489213319915e+02	4.644649999985261957e-05
2.925243072260844315e+02	8.006359999974677066e-04
2.951633963056510197e+02	1.700004545313049675e-05
2.954933421363102184e+02	2.637500000002290790e-05
2.957537230982622987e+02	1.210909545452665270e-04
2.966309548530923053e+02	3.127142857151099520e-04
2.989069968920526321e+02	2.305499999999405247e-04
3.009921161194710066e+02	2.263859999995787575e-04
3.029277330869849152e+02	7.000007142821118578e-05
3.032114518189750356e+02	2.613749999991199502e-04
3.042866285550984458e+02	3.845450000028449722e-05
3.049831445087737052e+02	3.242859285723653784e-04
3.066785788112459841e+02	4.645777777778636874e-04
3.066869609585432954e+02	2.197145000017997063e-04
3.079203233958783130e+02	7.843640000011475877e-04
3.084978328467173583e+02	4.334516666659737893e-05
3.096676487801665303e+02	2.688571428577368749e-05
3.099215661209337327e+02	2.443454999987437759e-04
3.120259277078233140e+02	4.288640000016386011e-04
3.125834421479252114e+02	1.017142857149266888e-04
3.141525976426420925e+02	1.070766242857068562e-03
3.143609101876772343e+02	1.642600000000271621e-03
3.154494455573588425e+02	3.923811666677323728e-04
3.156457887180075659e+02	1.132333333333512826e-04
3.175450840867810598e+02	1.983333333299697188e-05
3.204806964772886886e+02	6.155555555542591151e-05
3.225067260256370787e+02	5.759999999987996944e-05
3.234773765831199057e+02	1.184571428571423723e-03
3.287976965812579238e+02	3.613000000000088363e-04
3.329298406556189889e+02	1.315200000000071867e-03
3.331954499412901214e+02	6.263599999911662053e-05
3.358952429545950054e+02	2.402144999997801733e-04
3.373556570543976818e+02	1.378811666672419278e-04
3.425848060346319244e+02	9.613376714288079938e-04
3.427753698296859284e+02	1.951183333304129519e-05
3.450425350219945244e+02	1.357624999999806903e-03
3.473149357199168890e+02	2.464285714243175107e-05
3.497211863637015199e+02	2.788199999999019241e-04
3.504993839526209172e+02	2.137145000009610385e-04
3.513297532257479929e+02	2.915000000003331593e-04
3.528253705577772621e+02	8.272763636441027302e-05
3.535310212988928242e+02	9.090872727313126234e-05
3.551015123077585258e+02	7.587272727274108064e-04
3.570576769059229605e+02	4.567149999967767826e-05
3.572382195976286994e+02	7.616666666709903666e-05
3.572382195976286994e+02	4.858333333412900856e-05
3.578014544516338447e+02	2.350895000002850566e-04
3.586883962704631585e+02	5.884000000000444430e-04
3.599141383211703555e+02	2.522850000019616346e-05
3.614524897011402231e+02	1.148811666666915698e-04
3.630868512667672121e+02	6.389999999996121005e-04
3.637308820113812544e+02	5.523640000024698793e-04
3.654237931036074087e+02	1.576284099999991639e-03
3.689767172140635694e+02	2.585714285707751969e-05
3.701973994160608754e+02	5.723816666680647813e-05
3.704666390856660882e+02	1.861363999999809948e-03
3.720823899167197624e+02	5.608408999999703326e-04
3.721231454141965855e+02	7.829999999930947752e-05
3.766228160839862653e+02	3.132666666667560662e-04
3.845339659572399000e+02	2.850908999998402749e-04
3.945572358975094289e+02	9.439999999993897717e-05
3.968825193563037033e+02	2.367500000000077875e-04
4.062146087762994853e+02	3.241666666666809249e-04
4.080080507576518016e+02	3.361399999999292731e-04
4.113304437956232391e+02	2.017150000011014299e-05
4.134701615713295837e+02	7.539999999917057494e-05
4.158994841782969161e+02	1.227999999999340730e-03
4.167779228639001303e+02	4.516666666720681178e-05
4.167779228639001303e+02	1.758333333423678368e-05
4.173073763041350048e+02	5.867672222237274582e-05
4.184697956488737418e+02	2.078000000000912451e-04
4.198998280413652537e+02	8.830350000010867006e-05
4.250457495804988071e+02	1.149666666668824888e-04
4.259541124424213763e+02	1.400002142855072407e-04
4.404661791873838865e+02	9.617979888885130890e-04
4.483604953380789198e+02	1.310083333332379141e-04
4.603167752137610478e+02	1.764545454543409164e-04
4.604457353469617260e+02	7.784545454545543919e-04
4.734686830770113488e+02	2.719999999989397566e-05
4.743986364180817645e+02	8.044444444443854536e-05
4.788345383978700625e+02	1.425714285714363427e-04
4.939590196905484163e+02	4.449999999955878138e-05
4.988309239013227057e+02	2.791915555544477456e-04
4.998807476682919173e+02	1.142857857150403333e-04
5.071187332866388715e+02	1.265376614285607104e-03
5.100423488161649743e+02	3.590913636308812329e-05
5.150489152514903708e+02	2.276249999999535589e-04
5.195003605983874877e+02	4.227272727264086427e-05
5.209724035798751629e+02	2.574999999982452437e-05
5.219257056915844259e+02	1.548571428573453090e-04
5.257490759289313473e+02	4.771450000085053489e-05
5.296435135284049238e+02	9.303549999906124413e-05
5.380325944056946810e+02	7.783333333399866660e-06
5.380325944056947947e+02	6.869999999992160156e-05
5.454722509301661830e+02	9.170908999998061972e-04
5.595538981819225910e+02	7.012500000014298962e-05
5.712922830494765094e+02	1.017850000017972434e-05
5.766530520048142989e+02	5.012500000045605475e-05
5.810752019581502736e+02	3.758888888882871981e-05
5.846468084618600187e+02	2.357142857256633306e-05
5.858577139084231931e+02	9.324285714273905512e-05
5.878597592579114917e+02	9.892849999992847643e-05
5.953970326627144232e+02	2.483333333369586171e-05
5.954227378089688045e+02	4.636666666679722937e-05
5.975372180847369918e+02	2.408181818180921141e-04
6.096822403238390962e+02	6.909054545189974306e-05
6.156444065115470039e+02	9.955555555585249294e-05
6.169956656934348302e+02	6.728499999830717115e-06
6.215660039578305032e+02	1.019649999989269418e-05
6.328330411182005264e+02	2.407363627272562923e-03
6.520097999399641822e+02	1.261979788888645260e-03
6.615522585141271747e+02	7.666666665961940907e-06
6.626686577422143500e+02	1.355454999991678733e-04
6.647007038047468086e+02	1.121999999997846942e-04
6.710473358891799762e+02	1.002222222221682557e-04
6.725407430071185217e+02	1.276999999999528512e-04
6.737363709946865811e+02	1.089571428569691136e-04
6.773220170903695134e+02	6.232857142851599974e-04
6.886817208392891416e+02	1.103333333341005584e-05
6.907708165985013693e+02	1.957142857111904277e-05
6.946298714398336642e+02	3.960000000002850129e-05
7.102030246155169380e+02	2.903333333348356859e-05
7.121793255050858988e+02	3.047142857148799067e-04
7.144764391952573988e+02	1.594999999996460360e-04
7.173306346765966737e+02	5.557662428570253610e-04
7.311707741852216031e+02	4.763636363636081228e-05
7.477320190989247521e+02	7.261883333420371400e-05
7.491924331987271444e+02	8.866049999944891624e-05
7.586259581120294797e+02	5.236666666674771875e-05
7.607850972912464158e+02	2.062500000032940761e-05
7.640928585838169056e+02	6.833333332956215145e-06
7.666964470281149033e+02	8.713333333343342701e-05
7.747669359442003270e+02	2.636666666666620529e-05
7.751611706177806127e+02	2.847500000000557918e-04
7.891144717950189715e+02	6.690909090911745238e-05
7.921250319358966863e+02	3.919155555465181351e-05
7.938627102169527916e+02	2.150000000078478024e-05
8.099283594627063394e+02	2.080000454540709143e-04
8.104015166798060363e+02	3.662500000078949824e-05
8.186709199112323176e+02	6.083333333073426274e-06
8.369395912977474836e+02	7.690000000004637570e-05
8.417221032480201757e+02	3.192727272727235999e-04
8.626063375549863395e+02	1.408900000000379293e-03
8.708425934019034003e+02	5.774444444437420998e-04
8.713138959403333956e+02	1.812999999999398426e-04
8.775049467639961449e+02	3.404833334386125898e-06
8.787865708626347896e+02	1.093500000000080519e-04
8.792188236131444228e+02	4.044649999990213018e-05
8.877537807693961440e+02	1.756000000001645134e-04
8.907428507383168608e+02	9.470000000000311502e-05
9.135594827590184650e+02	1.565909099999984733e-03
9.156591327922533310e+02	2.497777777779042196e-04
9.222822445841957233e+02	5.610202111112627676e-04
9.242210759517712404e+02	2.684285714282808044e-04
9.488669713104851553e+02	1.151818181818420328e-03
9.647637103331023809e+02	2.864285714210268452e-05
9.681528168105409122e+02	3.454509090872193156e-05
9.788137315275198489e+02	2.174805285717340553e-04
9.917734156878306067e+02	1.852857142847774696e-05
9.997614953365838346e+02	3.500007142864802745e-05
1.004915431034920175e+03	1.357909100000220803e-03
1.005954912600567241e+03	3.089999999996706492e-04
1.022289869861810985e+03	1.846450000009269843e-05
1.041608655069958331e+03	1.773816666705840817e-05
1.064641878756086271e+03	1.101188333336722280e-04
1.065375490097980673e+03	7.571589999999517318e-05
1.091426928229835312e+03	8.618181818187409249e-05
1.098737883374905550e+03	4.285642856594051864e-06
1.129868448251959080e+03	1.983999999999319641e-04
1.188284240509419760e+03	3.148888888890866156e-04
1.190794065325429074e+03	3.019999999942513114e-05
1.199614762105617501e+03	2.062500000032940761e-05
1.199713794403900692e+03	4.553500000170629392e-06
1.213466365028971950e+03	2.892222222219409389e-04
1.230301199207688569e+03	5.721666666680391700e-05
1.242855293077154556e+03	1.394333333333275249e-04
1.242855293077154784e+03	1.439090909090001702e-04
1.249416223029205412e+03	3.407150000001024637e-05
1.258474797678239611e+03	2.207979888892985798e-04
1.277827411713524953e+03	2.036799999998173405e-04
1.300843250474213164e+03	5.017499999993013660e-05
1.363015905827760207e+03	2.210999999998630727e-04
1.402471629417510940e+03	4.800000000138027190e-06
1.412731233450904938e+03	3.792750000001232635e-04
1.416384516941598804e+03	3.221818181815550020e-04
1.434753585081852634e+03	1.780999999998478245e-04
1.453883632882944084e+03	4.177499999991063362e-05
1.460414099802587316e+03	1.354783333340492391e-05
1.500048690057956719e+03	8.947272636365966036e-04
1.552522941857321257e+03	3.580000000003025207e-05
1.554004356795995818e+03	5.126363636365205423e-04
1.574759543494150194e+03	3.453333333336416899e-04
1.643988482906289391e+03	1.799999999985146815e-05
1.647276459872102123e+03	5.181818181809738633e-05
1.667778743780257628e+03	2.749797888892402398e-04
1.693573781796165576e+03	4.500000000007275958e-05
1.694802672377938507e+03	5.820000000000824514e-05
1.696881543088736635e+03	5.237500000010442136e-05
1.713876849148429983e+03	1.309516666658794293e-05
1.726187907051603815e+03	1.434000000000157371e-04
1.833352828214533702e+03	4.504750000000612431e-04
1.941646830703570004e+03	2.855091000002474289e-04
2.016688111035987276e+03	4.472727272730736559e-04
2.135811513773926436e+03	3.687272818182485423e-04
2.315432904799445623e+03	1.874999999706972176e-06
2.337636169084008543e+03	3.085712142851804174e-04
2.411357982283993351e+03	1.035000000007002541e-04
2.579348795230664564e+03	5.877000000000798252e-04
2.743345543203586203e+03	1.428642857348449979e-06
2.837283674753731702e+03	3.734545454547877341e-04
2.840812098462068207e+03	1.954545454529998949e-05
3.307761292570635760e+03	5.050000000039744918e-05
3.347314971678387337e+03	4.516999999992776793e-04
3.545036943301030988e+03	2.544908999997375076e-04
3.682046468846226617e+03	2.259999999996153974e-04
3.690903597623065252e+03	5.113333333328640151e-05
3.899540637631133450e+03	3.195454454543167344e-04
4.511104397094858541e+03	1.156363636363177960e-04
